Command,Mean Time in s, Memory in kb
./GTFS_10/mapping.nt,506.2266666666667,1078757.3333333333
