Command,Mean Time in s, Memory in kb
./10k_genomic/4POM_Normal.ttl,7.226666666666667,133948.0
./10k_genomic/5ORM.ttl,6.153333333333333,134134.66666666666
./10k_genomic/5OJM.ttl,6.586666666666666,134168.0
./100k_genomic/4POM_Normal.ttl,8.843333333333334,134141.33333333334
./100k_genomic/5ORM.ttl,8.33,134129.33333333334
./100k_genomic/5OJM.ttl,20.676666666666666,406018.6666666667
./1M_genomic/4POM_Normal.ttl,42.02666666666667,310534.6666666667
./1M_genomic/5ORM.ttl,34.916666666666664,334160.0
