Command,Mean Time in s, Memory in kb
./10k_genomic/4POM_Normal.ttl,4.256666666666667,96472.0
./10k_genomic/5ORM.ttl,7.27,97297.33333333333
./10k_genomic/5OJM.ttl,9.096666666666666,99696.0
./100k_genomic/4POM_Normal.ttl,12.479999999999999,155654.66666666666
./100k_genomic/5ORM.ttl,23.39333333333333,150528.0
./100k_genomic/5OJM.ttl,50.973333333333336,228038.66666666666
./1M_genomic/4POM_Normal.ttl,100.46,666310.6666666666
./1M_genomic/5ORM.ttl,190.5233333333333,667768.0
./1M_genomic/5OJM.ttl,880.1766666666666,3312505.3333333335
