Command,Mean Time in s, Memory in kb
./GTFS_10/mapping.nt,12.386666666666665,676817.3333333334
./GTFS_100/mapping.nt,108.43333333333334,5967540.0
./GTFS_500/mapping.nt,581.4966666666667,29509297.333333332
