Command,Mean Time in s, Memory in kb
./GTFS_10/mapping.nt,126.46,1165878.6666666667
./GTFS_100/mapping.nt,1276.4233333333334,10739972.0
./GTFS_500/mapping.nt,6508.666666666667,50968685.333333336
